,NUMBER,HoleId,From,To,X,Y,Z,AI,Cu%,Mo%,AgPPM,AuPPM,Pb%,Zn%,Al%,Asppm,Ca%,Fe%,K%,Mg%,Na%,S%,CUSS,CUCN,CUSS/CU%,IS,Mineralización,LITHO,LITHO por Nombre,SPI,BWI,LITMD,LITMD por Nombre,Sample ID,MINI-bond TEST
0,1,PO-10-024,78.0,81.0,204396.27,8396664.73,4146.36,3.0,1.419,0.056,5.9,0.761,0.037,0.044,0.64,70.0,5.28,32.8,0.19,2.0,0.03,1.02,0.259,0.711,0.18,0.68,Mixto,5,Skarn,96.13,12.28,3,Skarn,SG-MV001,0.0
1,2,PO-11-055,20.2,22.6,204557.5,8397068.0,4271.3,2.4,0.417,0.001,9.0,0.316,0.042,0.094,6.65,80.0,6.4,4.532,2.48,1.0,1.67,1.09,0.007,0.043,0.02,0.12,Hipógeno,4,Endoskarn,65.68,16.43,5,Diorite,SG-MV002,0.0
2,3,PO-10-015,52.0,54.3,204605.9,8396814.0,4172.1,2.3,0.206,0.014,2.0,0.054,0.013,0.102,3.8,100.0,15.0,10.16,0.75,3.0,0.38,0.59,0.008,0.023,0.04,0.15,Hipógeno,5,Skarn,103.65,15.1,3,Skarn,SG-MV003,0.0
3,4,PO-11-101,107.0,111.2,204443.6,8397061.0,4204.7,4.2,0.955,0.001,7.1,0.486,0.013,0.035,2.62,70.0,14.6,16.6,0.49,2.0,0.08,0.52,0.256,0.587,0.27,0.88,Supergeno,5,Skarn,97.97,17.25,3,Skarn,SG-MV004,1.0
4,5,PO-12-115,108.4,112.1,204495.0,8397090.0,4209.07,3.7,0.171,0.002,1.3,0.03,0.009,0.335,1.19,110.0,15.0,4.49,0.64,2.0,0.02,0.57,0.004,0.017,0.02,0.12,Hipógeno,1,Limestone,51.58,11.53,2,Limestone,SG-MV005,0.0
5,6,PO-11-081,42.0,45.0,204417.1,8396636.0,4156.03,3.0,1.711,0.002,1.8,0.794,0.006,0.028,1.17,30.0,6.26,35.78,0.38,2.0,0.05,1.23,0.27,0.683,0.16,0.56,Mixto,5,Skarn,94.07,11.9,3,Skarn,SG-MV006,0.0
6,7,PO-10-024,48.0,51.0,204395.67,8396672.9,4175.22,3.0,0.19,0.008,0.5,0.103,0.003,0.015,3.84,40.0,7.86,16.21,0.89,3.0,0.47,0.19,0.034,0.07,0.18,0.55,Mixto,5,Skarn,65.41,16.22,3,Skarn,SG-MV007,0.0
7,8,PO-11-101,136.8,141.0,204450.3,8397062.0,4175.67,4.2,0.425,0.001,2.3,0.628,0.005,0.02,2.49,30.0,3.85,37.24,2.02,2.0,0.29,0.38,0.047,0.113,0.11,0.38,Mixto,5,Skarn,37.98,10.58,3,Skarn,SG-MV008,0.0
8,9,PO-12-134,46.0,50.0,204479.8,8396731.0,4197.73,4.0,0.254,0.016,1.7,0.176,0.023,0.047,2.32,40.0,4.53,38.56,0.67,3.0,0.43,0.28,0.043,0.116,0.17,0.63,Mixto,5,Skarn,140.39,14.79,3,Skarn,SG-MV009,1.0
9,10,PO-11-087,99.0,101.9,204529.8,8397031.0,4193.73,2.9,0.31,0.002,1.2,0.158,0.007,0.025,3.48,90.0,10.11,19.44,1.1,3.0,0.69,0.28,0.036,0.085,0.12,0.39,Mixto,5,Skarn,112.35,14.63,3,Skarn,SG-MV010,0.0
10,11,PO-09-007,210.0,216.0,204451.7,8396765.0,4067.53,6.0,0.924,0.001,5.3,0.411,0.038,0.079,2.63,60.0,5.62,31.06,1.47,1.0,0.27,0.81,0.136,0.397,0.15,0.58,Mixto,5,Skarn,85.22,13.65,3,Skarn,SG-MV011,0.0
11,12,PO-10-041,226.3,229.1,204506.1,8396876.0,4075.97,2.8,0.501,0.001,3.6,0.371,0.006,0.057,2.16,150.0,8.11,20.89,1.35,1.0,0.06,0.46,0.074,0.184,0.15,0.51,Mixto,5,Skarn,93.19,15.75,3,Skarn,SG-MV012,0.0
12,13,PO-11-072,111.0,117.0,204415.5,8397131.0,4204.6,6.0,0.344,0.001,1.2,0.081,0.004,0.203,3.85,80.0,15.0,9.455,0.59,2.0,0.12,0.56,0.009,0.023,0.03,0.09,Hipógeno,5,Skarn,23.28,14.52,3,Skarn,SG-MV013,0.0
13,14,PO-11-086,168.0,171.5,204402.4,8397130.0,4133.76,0.13562,0.353,0.001,8.1,0.042,0.005,0.029,2.83,120.0,15.0,7.329,0.12,5.0,0.06,0.35,0.036,0.113,0.1,0.42,Mixto,5,Skarn,139.24,17.68,3,Skarn,SG-MV014,0.0
14,15,PO-12-122,83.0,86.8,204385.6,8397180.0,4218.98,3.8,0.155,0.018,1.0,0.136,0.012,0.041,7.8,90.0,7.64,10.97,1.55,2.0,0.87,0.12,0.044,0.067,0.28,0.72,Supergeno,5,Skarn,126.72,16.93,3,Skarn,SG-MV015,0.0
15,16,PO-11-101,171.0,175.0,204457.7,8397062.0,4142.4,4.0,0.586,0.002,2.7,0.605,0.005,0.04,3.42,70.0,7.43,19.21,1.68,6.0,0.36,0.4,0.123,0.297,0.21,0.72,Supergeno,5,Skarn,79.85,13.19,3,Skarn,SG-MV016,0.0
16,17,PO-10-041,235.0,239.0,204507.0,8396873.0,4067.06,4.0,0.676,0.002,4.4,0.363,0.008,0.037,3.77,80.0,10.6,19.9,1.2,2.0,0.33,0.45,0.19,0.356,0.28,0.81,Supergeno,5,Skarn,65.65,16.62,3,Skarn,SG-MV017,1.0
17,18,PO-09-011,12.0,15.5,204587.2,8397085.0,4276.46,3.5,0.125,0.002,2.5,0.137,0.013,0.041,7.31,50.0,8.3,5.634,3.81,1.0,0.38,0.4,0.017,0.052,0.14,0.55,Mixto,4,Endoskarn,69.43,14.27,5,Diorite,MX-MV001,0.0
18,19,PO-11-058,144.0,150.0,204501.4,8396829.0,4123.53,6.0,1.136,0.028,7.1,0.474,0.008,0.039,3.87,110.0,5.61,21.78,2.23,1.0,0.15,0.94,0.123,0.311,0.11,0.38,Mixto,5,Skarn,76.1,15.58,3,Skarn,MX-MV002,0.0
19,20,PO-10-017,116.0,122.0,204535.6,8396830.0,4133.46,6.0,0.321,0.065,5.7,0.272,0.183,0.295,5.61,90.0,11.09,11.29,1.72,1.0,0.33,0.66,0.037,0.109,0.12,0.45,Mixto,5,Skarn,72.72,17.73,3,Skarn,MX-MV003,1.0
20,21,PO-10-021,95.0,98.0,204572.6,8396960.0,4171.4,3.0,0.248,0.003,5.3,0.115,0.028,0.098,2.43,190.0,15.0,7.061,0.66,2.0,0.03,0.82,0.012,0.037,0.05,0.2,Hipógeno,5,Skarn,19.6,14.65,3,Skarn,MX-MV004,0.0
21,22,PO-09-009,30.0,33.0,204583.7,8396717.0,4190.44,3.0,0.827,0.012,5.2,0.199,0.007,0.022,2.61,30.0,9.79,22.19,0.22,3.0,0.21,2.33,0.023,0.034,0.03,0.07,Hipógeno,5,Skarn,72.39,13.9,3,Skarn,MX-MV005,0.0
22,23,PO-10-024,90.0,93.0,204396.37,8396661.44,4134.82,3.0,1.06,0.001,3.0,0.565,0.006,0.029,0.78,30.0,6.12,35.04,0.35,2.0,0.04,0.61,0.258,0.487,0.24,0.7,Supergeno,5,Skarn,64.03,13.05,3,Skarn,MX-MV006,0.0
23,24,PO-09-009,63.5,65.6,204594.6,8396714.0,4159.44,2.1,0.699,0.003,13.5,0.317,0.049,0.108,1.0,70.0,3.08,42.81,0.1,1.0,0.03,1.51,0.026,0.066,0.04,0.13,Hipógeno,5,Skarn,164.58,19.22,3,Skarn,MX-MV007,0.0
24,25,PO-10-031,63.0,68.0,204499.8,8396702.0,4157.45,5.0,0.177,0.005,1.5,0.259,0.038,0.064,8.98,60.0,6.08,5.009,2.89,2.0,1.61,0.26,0.005,0.02,0.03,0.14,Hipógeno,2,Diorite,152.85,19.05,3,Skarn,MX-MV008,0.0
25,26,PO-10-035,94.5,99.7,204497.5,8396666.0,4127.85,5.2,0.549,0.127,0.9,0.0001,0.004,0.019,1.94,30.0,4.45,37.22,0.89,2.0,0.11,0.71,0.033,0.062,0.06,0.17,Hipógeno,5,Skarn,66.39,16.89,3,Skarn,MX-MV009,0.0
26,27,PO-10-017,130.0,136.0,204535.6,8396830.0,4119.46,6.0,0.656,0.072,19.3,0.432,0.157,0.194,3.81,90.0,8.62,16.71,1.4,1.0,0.13,0.88,0.052,0.143,0.08,0.3,Hipógeno,5,Skarn,108.8,16.18,3,Skarn,MX-MV010,0.0
27,28,PO-11-055,66.0,70.0,204551.0,8397071.0,4225.24,4.0,0.214,0.008,1.3,0.115,0.003,0.015,5.32,60.0,10.6,11.88,2.34,1.0,0.7,0.19,0.025,0.045,0.12,0.33,Mixto,5,Skarn,71.71,17.06,3,Skarn,MX-MV011,1.0
28,29,PO-11-059,63.0,66.0,204578.6,8396892.0,4185.33,3.0,0.207,0.034,1.6,0.082,0.005,0.04,4.53,40.0,6.46,17.61,2.94,4.0,0.53,0.15,0.044,0.103,0.21,0.71,Supergeno,5,Skarn,120.17,18.05,3,Skarn,MX-MV012,0.0
29,30,PO-11-069,15.3,18.0,204605.35,8397094.5,4234.025,2.7,0.381,0.019,4.6,0.084,0.021,0.154,2.38,50.0,6.45,28.33,0.68,2.0,0.05,0.83,0.012,0.045,0.03,0.15,Hipógeno,5,Skarn,121.74,15.26,3,Skarn,MX-MV013,0.0
30,31,PO-11-060,21.0,24.0,204631.22,8397186.4,4261.847,3.0,0.408,0.465,4.0,0.751,0.012,0.062,3.98,90.0,13.72,7.378,1.43,3.0,0.03,0.67,0.012,0.03,0.03,0.1,Hipógeno,5,Skarn,61.79,12.86,3,Skarn,MX-MV014,0.0
31,32,PO-11-072,42.0,46.0,204657.09,8397278.3,4289.669,4.0,2.02,0.005,11.1,0.563,0.025,0.151,2.72,470.0,8.66,17.05,1.15,3.0,0.05,1.99,0.111,0.337,0.05,0.22,Hipógeno,5,Skarn,83.76,12.87,3,Skarn,MX-MV015,0.0
32,33,PO-11-073,18.5,23.9,204682.96,8397370.2,4317.491,5.4,0.135,0.005,1.2,0.108,0.007,0.052,4.39,30.0,8.9,12.58,1.46,2.0,0.34,0.15,0.031,0.046,0.23,0.57,Mixto,5,Skarn,90.9,12.44,3,Skarn,MX-MV016,1.0
33,34,PO-11-079,105.0,108.0,204708.83,8397462.1,4345.313,3.0,0.292,0.042,11.8,0.501,0.046,0.059,8.45,80.0,6.3,3.355,2.53,1.0,1.72,0.3,0.025,0.077,0.09,0.35,Mixto,4,Endoskarn,137.97,19.86,3,Skarn,MX-MV017,0.0
34,35,PO-11-085,57.0,60.0,204734.7,8397554.0,4373.135,3.0,0.16,0.025,1.3,0.049,0.008,0.082,0.78,30.0,5.68,34.71,0.1,2.0,0.03,0.2,0.006,0.02,0.04,0.16,Hipógeno,5,Skarn,111.73,17.52,3,Skarn,MX-MV018,0.0
35,36,PO-11-088,31.0,35.0,204760.57,8397645.9,4400.957,4.0,0.584,0.008,1.7,0.243,0.002,0.018,2.37,30.0,14.47,18.45,1.29,2.0,0.22,0.27,0.306,0.056,0.52,0.62,Oxido,5,Skarn,38.27,10.59,3,Skarn,MX-MV019,0.0
36,37,PO-11-096,14.6,18.0,204786.44,8397737.8,4428.779,3.4,0.33,0.006,2.5,0.236,0.011,0.107,2.17,40.0,3.24,40.63,0.12,2.0,0.12,2.36,0.174,0.039,0.53,0.65,Oxido,5,Skarn,41.92,16.39,3,Skarn,MX-MV020,0.0
37,38,PO-10-021,36.0,40.0,204812.31,8397829.7,4456.601,4.0,0.093,0.004,0.6,0.235,0.002,0.017,4.1,70.0,8.4,16.02,1.54,5.0,0.71,0.13,0.022,0.039,0.24,0.66,Mixto,5,Skarn,137.36,11.2,3,Skarn,MX-MV021,1.0
38,39,PO-12-117,3.0,6.5,204838.18,8397921.6,4484.423,3.5,0.29,0.012,2.4,0.048,0.013,0.096,5.11,150.0,9.67,12.7,1.41,2.0,0.1,0.43,0.098,0.051,0.34,0.51,Mixto,5,Skarn,77.86,10.68,3,Skarn,MX-MV022,0.0
39,40,PO-10-019,130.0,132.0,204864.05,8398013.5,4512.245,2.0,0.768,0.011,2.3,0.359,0.002,0.029,1.01,30.0,1.4,56.67,0.68,1.0,0.08,0.66,0.087,0.184,0.11,0.35,Mixto,5,Skarn,43.93,7.04,3,Skarn,MX-MV023,0.0
40,41,PO-11-056,147.6,150.0,204889.92,8398105.4,4540.067,2.4,1.099,0.022,22.9,0.435,0.023,0.083,4.4,270.0,7.29,15.54,2.51,2.0,0.38,0.82,0.082,0.223,0.07,0.28,Hipógeno,5,Skarn,86.21,14.68,3,Skarn,MX-MV024,0.0
41,42,PO-11-084,66.0,69.0,204915.79,8398197.3,4567.889,3.0,0.154,0.007,1.4,0.114,0.028,0.046,9.11,70.0,6.36,2.437,2.95,1.0,1.51,0.28,0.013,0.041,0.08,0.35,Mixto,2,Diorite,150.26,20.2,5,Diorite,MX-MV025,0.0
42,43,PO-10-015,144.0,147.0,204941.66,8398289.2,4595.711,3.0,1.02,0.026,7.6,0.518,0.037,0.123,6.0,40.0,7.31,15.86,1.3,2.0,1.18,0.85,0.062,0.158,0.06,0.22,Hipógeno,4,Endoskarn,195.86,20.41,3,Skarn,MX-MV026,0.0
43,44,PO-10-017,164.0,170.3,204967.53,8398381.1,4623.533,6.3,1.368,0.008,9.4,0.418,0.014,0.1,2.21,190.0,10.0,21.4,0.87,2.0,0.05,1.18,0.148,0.35,0.11,0.36,Mixto,5,Skarn,90.35,22.0,3,Skarn,MX-MV027,0.0
44,45,PO-10-019,160.0,165.0,204993.4,8398473.0,4651.355,5.0,1.506,0.166,8.9,0.569,0.067,0.117,0.41,50.0,3.5,44.77,0.19,2.0,0.03,1.46,0.287,0.572,0.19,0.57,Mixto,5,Skarn,53.56,10.78,3,Skarn,MX-MV028,0.0
45,46,PO-10-024,109.2,111.5,205019.27,8398564.9,4679.177,2.3,0.686,0.001,6.5,0.255,0.103,0.221,2.25,30.0,4.94,35.82,0.62,1.0,0.38,1.11,0.05,0.15,0.07,0.29,Hipógeno,5,Skarn,53.48,12.89,3,Skarn,MX-MV029,0.0
46,47,PO-10-038,81.7,84.5,205045.14,8398656.8,4706.999,2.8,0.835,0.005,10.9,0.192,0.064,0.249,0.88,140.0,7.57,22.3,0.15,3.0,0.03,2.86,0.02,0.139,0.02,0.19,Hipógeno,5,Skarn,116.09,16.9,3,Skarn,MX-MV030,0.0
47,48,PO-11-054,189.0,193.7,205071.01,8398748.7,4734.821,4.7,0.439,0.001,4.0,0.29,0.067,0.049,4.3,30.0,10.12,12.32,1.31,1.0,0.29,0.48,0.109,0.225,0.25,0.76,Supergeno,5,Skarn,130.16,14.87,3,Skarn,MX-MV031,0.0
48,49,PO-11-057,180.0,183.0,205096.88,8398840.6,4762.643,3.0,0.655,0.148,2.0,0.425,0.004,0.029,2.84,30.0,2.68,31.51,2.27,2.0,0.17,0.7,0.072,0.164,0.11,0.36,Mixto,5,Skarn,52.52,12.86,3,Skarn,MX-MV032,1.0
49,50,PO-11-058,186.0,189.0,205122.75,8398932.5,4790.465,3.0,3.178,0.013,6.4,1.127,0.002,0.024,1.07,30.0,1.52,50.01,0.92,1.0,0.09,2.46,0.48,1.055,0.15,0.48,Mixto,5,Skarn,43.33,9.54,3,Skarn,MX-MV033,0.0
50,51,PO-11-064,135.7,140.0,205148.62,8399024.4,4818.287,4.3,1.646,0.005,9.6,1.356,0.105,0.336,1.64,30.0,3.86,41.38,0.98,1.0,0.05,2.38,0.213,0.543,0.13,0.46,Mixto,5,Skarn,45.65,8.48,3,Skarn,MX-MV034,0.0
51,52,PO-11-072,217.5,224.4,205174.49,8399116.3,4846.109,6.9,0.292,0.001,5.0,0.093,0.019,0.063,2.68,90.0,15.0,10.5,0.37,2.0,0.03,1.75,0.016,0.046,0.05,0.21,Hipógeno,1,Limestone,119.78,15.08,3,Skarn,MX-MV035,0.0
52,53,PO-11-079,114.0,117.8,205200.36,8399208.2,4873.931,3.8,0.416,0.013,2.2,0.262,0.066,0.066,6.22,30.0,5.56,14.17,2.36,1.0,0.42,0.52,0.082,0.167,0.2,0.6,Mixto,4,Endoskarn,80.0,15.88,3,Skarn,MX-MV036,0.0
53,54,PO-11-094,150.0,153.0,205226.23,8399300.1,4901.753,3.0,3.048,0.001,4.7,2.763,0.003,0.018,1.51,30.0,3.25,43.57,1.41,2.0,0.09,2.56,0.288,0.667,0.09,0.31,Mixto,5,Skarn,27.82,12.8,3,Skarn,MX-MV037,0.0
54,55,PO-11-101,214.0,216.9,205252.1,8399392.0,4929.575,2.9,1.37,0.002,24.8,0.547,0.023,0.065,1.65,180.0,8.11,34.8,0.56,1.0,0.06,1.48,0.132,0.282,0.1,0.3,Mixto,5,Skarn,52.52,12.44,3,Skarn,MX-MV038,1.0
55,56,PO-12-132,174.0,177.2,205277.97,8399483.9,4957.397,3.2,0.184,0.017,0.7,0.097,0.004,0.014,2.94,30.0,5.42,23.19,1.41,2.0,0.85,0.23,0.021,0.04,0.11,0.33,Mixto,5,Skarn,67.54,14.13,3,Skarn,MX-MV039,0.0
56,57,PO-12-130,88.7,91.9,205303.84,8399575.8,4985.219,3.2,0.105,0.004,0.5,0.063,0.001,0.011,4.71,50.0,11.67,9.621,1.03,5.0,0.73,0.1,0.015,0.035,0.14,0.48,Mixto,5,Skarn,96.49,16.52,3,Skarn,MX-MV040,0.0
57,58,PO-12-132,166.4,170.0,205329.71,8399667.7,5013.04099999999,3.6,0.23,0.01,1.0,0.1,0.013,0.066,1.76,140.0,13.58,14.17,0.73,2.0,0.05,0.82,0.027,0.051,0.12,0.34,Mixto,5,Skarn,94.02,14.09,3,Skarn,MX-MV041,0.0
58,59,PO-11-073,97.4,100.7,205355.58,8399759.6,5040.86299999999,3.3,0.195,0.073,0.7,0.067,0.002,0.01,7.58,50.0,7.91,5.241,1.37,2.0,2.01,0.28,0.008,0.017,0.04,0.13,Hipógeno,4,Endoskarn,215.2,20.21,3,Skarn,MX-MV042,0.0
59,60,PO-09-006,54.0,56.0,205381.45,8399851.5,5068.68499999999,2.0,0.122,0.002,0.5,0.063,0.009,0.081,1.27,30.0,5.39,38.89,0.54,3.0,0.06,0.2,0.007,0.022,0.06,0.24,Hipógeno,5,Skarn,81.81,11.36,3,Skarn,HY-MV001,1.0
60,61,PO-09-009,81.0,83.4,205407.32,8399943.4,5096.507,2.4,0.542,0.001,8.6,0.107,0.043,0.118,0.76,30.0,6.93,37.97,0.12,1.0,0.05,1.14,0.014,0.072,0.03,0.16,Hipógeno,5,Skarn,137.37,17.75,3,Skarn,HY-MV002,0.0
61,62,PO-09-012,52.0,55.5,205433.19,8400035.3,5124.32899999999,3.5,1.488,0.006,5.0,0.69,0.006,0.079,1.13,60.0,6.82,32.06,0.2,2.0,0.03,1.52,0.215,0.405,0.14,0.42,Mixto,5,Skarn,90.42,14.15,3,Skarn,HY-MV003,0.0
62,63,PO-09-013,51.3,56.0,205459.06,8400127.2,5152.15099999999,4.7,0.955,0.003,3.2,0.26,0.005,0.035,1.13,30.0,6.4,36.34,0.17,1.0,0.04,0.81,0.161,0.22,0.17,0.4,Mixto,5,Skarn,78.78,10.55,3,Skarn,HY-MV004,1.0
63,64,PO-11-082,26.3,30.0,205484.93,8400219.1,5179.97299999999,3.7,0.311,0.076,6.2,0.099,0.041,0.097,1.15,50.0,8.1,26.92,0.4,3.0,0.11,0.7,0.012,0.044,0.04,0.18,Hipógeno,5,Skarn,151.76,18.0,3,Skarn,HY-MV005,0.0
64,65,PO-10-021,65.1,68.0,205510.8,8400311.0,5207.79499999999,2.9,0.334,0.004,1.0,0.131,0.004,0.017,4.56,30.0,12.68,14.57,0.58,4.0,0.7,0.37,0.022,0.05,0.07,0.22,Hipógeno,5,Skarn,129.44,17.3,3,Skarn,HY-MV006,0.0
65,66,PO-10-031,141.0,144.0,205536.67,8400402.9,5235.61699999999,3.0,2.045,0.086,8.2,0.698,0.017,0.049,1.84,30.0,11.87,17.05,0.92,4.0,0.05,2.62,0.057,0.119,0.03,0.09,Hipógeno,5,Skarn,122.05,16.2,3,Skarn,HY-MV007,0.0
66,67,PO-10-035,78.8,84.1,205562.54,8400494.8,5263.43899999999,5.3,0.269,0.004,5.6,0.245,0.183,0.548,6.84,70.0,7.37,7.284,2.4,2.0,0.23,1.4,0.01,0.038,0.04,0.18,Hipógeno,4,Endoskarn,68.6,9.71,3,Skarn,HY-MV008,0.0
67,68,PO-10-040,56.8,60.1,205588.41,8400586.7,5291.26099999999,3.3,0.711,0.187,14.6,0.245,0.131,0.235,6.7,120.0,6.98,4.786,2.23,1.0,0.86,1.14,0.01,0.091,0.01,0.14,Hipógeno,2,Diorite,106.55,17.23,3,Skarn,HY-MV009,0.0
68,69,PO-10-042,48.0,51.0,205614.28,8400678.6,5319.08299999999,3.0,0.849,0.084,13.1,0.3,0.028,0.045,2.51,60.0,11.85,21.2,0.75,2.0,0.07,4.86,0.027,0.086,0.03,0.13,Hipógeno,5,Skarn,106.41,17.31,3,Skarn,HY-MV010,0.0
69,70,PO-11-084,108.0,114.0,205640.15,8400770.5,5346.90499999999,6.0,0.133,0.092,2.0,0.046,0.023,0.051,8.06,110.0,8.77,3.42,2.34,1.0,0.4,0.36,0.005,0.015,0.04,0.15,Hipógeno,4,Endoskarn,52.52,12.84,3,Skarn,HY-MV011,1.0
70,71,PO-12-117,18.0,21.0,205666.02,8400862.4,5374.72699999999,3.0,0.417,0.06,3.5,0.114,0.006,0.018,7.13,70.0,13.39,10.27,0.69,2.0,0.29,1.32,0.011,0.017,0.03,0.07,Hipógeno,5,Skarn,98.25,17.19,3,Skarn,HY-MV012,0.0
71,72,PO-11-077,59.5,63.0,205691.89,8400954.3,5402.54899999999,3.5,0.147,0.021,2.4,0.081,0.041,0.079,8.7,50.0,6.03,4.747,1.75,1.0,1.97,0.38,0.005,0.019,0.03,0.16,Hipógeno,2,Diorite,177.07,19.08,3,Skarn,HY-MV013,0.0
72,73,PO-11-078,52.8,58.1,205717.76,8401046.2,5430.37099999999,5.3,0.713,0.002,6.7,0.166,0.018,0.088,2.38,170.0,7.66,20.63,1.04,4.0,0.04,1.0,0.013,0.053,0.02,0.09,Hipógeno,5,Skarn,44.88,13.41,3,Skarn,HY-MV014,0.0
73,74,PO-11-080,38.0,42.0,205743.63,8401138.1,5458.19299999999,4.0,1.029,0.003,22.3,0.259,0.076,0.185,2.44,690.0000000000001,14.15,14.37,1.03,2.0,0.02,1.33,0.095,0.395,0.09,0.48,Mixto,5,Skarn,47.93,13.63,3,Skarn,HY-MV015,0.0
74,75,PO-11-082,15.0,22.0,205769.5,8401230.0,5486.01499999999,7.0,1.113,0.042,27.2,0.86,0.151,0.309,1.02,700.0000000000001,8.42,19.89,0.39,2.0,0.02,1.6,0.121,0.278,0.11,0.36,Mixto,5,Skarn,104.28,19.33,3,Skarn,HY-MV016,0.0
75,76,PO-11-091,21.4,24.5,205795.37,8401321.9,5513.83699999999,3.1,0.729,0.006,3.2,0.155,0.01,0.043,1.52,140.0,4.33,34.4,0.08,1.0,0.05,25.2,0.016,0.059,0.02,0.1,Hipógeno,5,Skarn,34.34,13.51,3,Skarn,HY-MV017,1.0
76,77,PO-11-095,46.7,50.0,205821.24,8401413.8,5541.65899999999,3.3,0.273,0.001,4.2,0.207,0.022,0.053,3.31,30.0,15.0,14.04,0.82,2.0,0.11,0.94,0.006,0.022,0.02,0.1,Hipógeno,5,Skarn,37.63,13.53,3,Skarn,HY-MV018,0.0
77,78,PO-11-052,87.0,90.6,205847.11,8401505.7,5569.48099999999,3.6,0.257,0.004,0.5,0.104,0.004,0.014,4.26,30.0,12.12,14.81,1.39,2.0,0.88,0.39,0.006,0.011,0.02,0.07,Hipógeno,5,Skarn,81.47,15.01,3,Skarn,HY-MV019,0.0
78,79,PO-11-087,117.0,120.0,205872.98,8401597.6,5597.30299999999,3.0,0.257,0.002,4.8,0.149,0.014,0.052,2.62,30.0,6.68,34.87,0.76,2.0,0.21,1.24,0.01,0.029,0.04,0.15,Hipógeno,5,Skarn,64.59,12.2,3,Skarn,HY-MV020,0.0
79,80,PO-11-086,199.0,202.4,205898.85,8401689.5,5625.12499999999,3.4,0.424,0.001,10.9,0.094,0.511,0.372,2.35,30.0,13.36,6.945,0.16,2.0,0.02,1.9,0.003,0.028,0.01,0.07,Hipógeno,5,Skarn,102.83,14.44,3,Skarn,HY-MV021,0.0
80,81,PO-11-049,129.0,132.0,205924.72,8401781.4,5652.94699999999,3.0,2.082,0.001,8.3,0.744,0.007,0.19,1.53,30.0,3.14,45.0,0.72,3.0,0.04,3.01,0.079,0.091,0.04,0.08,Hipógeno,5,Skarn,81.73,11.74,3,Skarn,HY-MV022,0.0
81,82,PO-10-026,14.0,16.6,205950.59,8401873.3,5680.76899999999,2.6,1.473,0.001,21.6,0.063,0.019,0.052,2.81,30.0,14.15,15.08,0.35,2.0,0.02,1.61,0.25,0.171,0.17,0.29,Hipógeno,5,Skarn,113.35,16.84,3,Skarn,HY-MV023,0.0
82,83,PO-12-130,75.0,78.0,205976.46,8401965.2,5708.59099999999,3.0,0.211,0.013,0.5,0.073,0.003,0.017,3.73,30.0,7.13,24.55,1.3,5.0,0.77,0.36,0.011,0.019,0.05,0.14,Hipógeno,5,Skarn,182.89,14.83,3,Skarn,HY-MV024,0.0
83,84,PO-11-085,96.8,100.3,206002.33,8402057.1,5736.41299999999,3.5,0.335,0.061,1.6,0.061,0.004,0.014,3.11,30.0,14.91,15.12,0.58,4.0,0.28,0.91,0.011,0.018,0.03,0.09,Hipógeno,5,Skarn,95.71,14.7,3,Skarn,HY-MV025,0.0
84,85,PO-11-086,150.0,154.0,206028.2,8402149.0,5764.23499999999,4.0,1.773,0.002,19.2,0.459,0.007,0.044,1.59,30.0,13.93,20.61,0.05,2.0,0.04,5.15,0.204,1.147,0.12,0.76,Supergeno,5,Skarn,72.63,19.71,3,Skarn,HY-MV026,0.0
85,86,PO-11-094,232.0,236.0,206054.07,8402240.9,5792.05699999999,4.0,0.209,0.001,4.9,0.089,0.028,0.048,1.35,50.0,15.0,7.464,0.22,1.0,0.08,1.06,0.003,0.014,0.01,0.08,Hipógeno,1,Limestone,58.58,14.62,3,Skarn,HY-MV027,1.0
86,87,PO-11-101,198.0,201.0,206079.94,8402332.8,5819.87899999999,3.0,0.85,0.001,4.2,0.247,0.003,0.084,3.0,30.0,10.01,22.01,1.03,5.0,0.18,0.68,0.074,0.227,0.09,0.35,Mixto,5,Skarn,89.38,11.11,3,Skarn,HY-MV028,0.0
87,88,PO-12-122,174.7,177.0,206105.81,8402424.7,5847.70099999999,2.3,0.716,0.001,20.9,0.102,0.056,0.652,0.89,30.0,9.71,30.84,0.04,1.0,0.03,2.69,0.008,0.042,0.01,0.07,Hipógeno,5,Skarn,119.28,15.24,3,Skarn,HY-MV029,0.0
88,89,PO-12-112,160.4,164.4,206131.68,8402516.6,5875.52299999999,4.0,0.431,0.001,4.8,0.135,0.007,0.078,2.01,30.0,12.6,21.89,0.51,3.0,0.03,0.78,0.007,0.012,0.02,0.04,Hipógeno,5,Skarn,57.84,14.79,3,Skarn,HY-MV030,0.0
89,90,PO-12-134,180.0,183.2,206157.55,8402608.5,5903.34499999999,3.2,0.626,0.037,1.9,0.216,0.02,0.102,3.25,30.0,3.31,34.27,1.51,2.0,0.17,0.81,0.015,0.035,0.02,0.08,Hipógeno,5,Skarn,55.25,11.35,3,Skarn,HY-MV031,0.0
90,91,PO-10-031,150.0,152.0,206183.42,8402700.4,5931.16699999999,2.0,0.247,0.007,3.1,0.106,0.044,0.175,1.66,50.0,5.14,36.82,0.47,3.0,0.03,3.18,0.01,0.033,0.04,0.17,Hipógeno,5,Skarn,77.24,13.6,3,Skarn,HY-MV032,0.0
91,92,PO-11-087,135.0,139.2,206209.29,8402792.3,5958.98899999999,4.2,0.375,0.009,2.7,0.143,0.02,0.073,1.18,50.0,15.0,12.62,0.48,3.0,0.04,1.45,0.006,0.024,0.02,0.08,Hipógeno,5,Skarn,55.13,14.89,3,Skarn,HY-MV033,0.0
92,93,PO-11-084,153.0,158.0,206235.16,8402884.2,5986.81099999999,5.0,0.18,0.023,0.9,0.048,0.02,0.044,5.44,70.0,10.15,5.03,2.06,3.0,0.49,0.27,0.005,0.015,0.03,0.11,Hipógeno,4,Endoskarn,82.68,16.96,3,Skarn,HY-MV034,0.0
93,94,PO-10-021,104.0,110.0,206261.03,8402976.1,6014.63299999999,6.0,0.252,0.002,1.2,0.075,0.004,0.141,3.9,120.0,15.0,9.91,0.37,2.0,0.16,0.61,0.007,0.008,0.03,0.06,Hipógeno,5,Skarn,18.18,13.36,3,Skarn,HZN-MV001,1.0
94,95,PO-10-041,131.0,133.8,206286.9,8403068.0,6042.45499999999,2.8,0.11,0.002,2.5,0.105,0.004,0.023,3.88,100.0,14.25,9.456,1.1,3.0,0.39,2.47,0.013,0.031,0.12,0.4,Mixto,5,Skarn,118.41,18.1,3,Skarn,HZN-MV002,0.0
95,96,PO-11-076,84.0,90.0,206312.77,8403159.9,6070.27699999999,6.0,0.36,0.008,15.8,1.241,0.252,0.572,2.07,150.0,9.28,7.004,1.02,2.0,0.04,1.44,0.004,0.032,0.01,0.1,Hipógeno,5,Skarn,72.4,16.01,3,Skarn,HZN-MV003,0.0
96,97,PO-11-094,90.0,92.5,206338.64,8403251.8,6098.09899999999,2.5,0.128,0.001,0.5,0.323,0.015,0.036,2.38,40.0,7.86,29.42,0.78,1.0,0.29,0.22,0.03,0.071,0.23,0.79,Supergeno,5,Skarn,131.63,7.98,3,Skarn,HZN-MV004,0.0
97,98,PO-11-052,165.0,168.0,206364.51,8403343.7,6125.92099999999,3.0,0.201,0.001,6.9,0.088,0.04,0.668,1.76,210.0,15.0,7.437,0.79,4.0,0.02,0.98,0.003,0.017,0.01,0.1,Hipógeno,1,Limestone,54.8,14.61,2,Limestone,HZN-MV005,0.0
98,99,PO-11-085,139.1,141.7,206390.38,8403435.6,6153.74299999999,2.6,0.543,0.001,3.4,0.123,0.024,0.171,1.57,30.0,8.37,36.73,0.35,2.0,0.04,0.81,0.007,0.031,0.01,0.07,Hipógeno,5,Skarn,48.41,13.82,3,Skarn,HZN-MV006,0.0
99,100,PO-10-019,186.0,191.7,206416.25,8403527.5,6181.56499999999,5.7,0.66,0.003,7.9,0.635,0.048,0.121,2.69,110.0,5.25,29.2,1.13,2.0,0.19,1.12,0.048,0.126,0.07,0.26,Hipógeno,5,Skarn,93.99,15.87,3,Skarn,HZN-MV007,0.0
100,101,PO-09-009,83.5,94.0,206442.12,8403619.4,6209.38699999999,10.5,1.26,0.003,18.9,0.474,0.035,0.112,1.22,95.0,8.99,32.71,0.25,1.62,0.06,2.4,0.031,0.025,0.02,0.04,Hipógeno,5,Skarn,117.223,17.217,3,Skarn,1049172,
101,102,PO-09-012,150.0,165.0,206467.99,8403711.3,6237.20899999999,15.0,0.347,0.009,8.7,0.604,0.421,0.837,2.13,129.1,8.66,20.46,0.69,3.04,0.15,3.76,0.006,0.011,0.02,0.05,Hipógeno,5,Skarn,116.711,18.83,3,Skarn,1049173,
102,103,PO-11-078,59.9,70.2,206493.86,8403803.2,6265.03099999999,10.3,0.121,0.001,0.9,0.034,0.003,0.038,3.11,71.9,10.48,10.26,0.66,4.84,0.19,2.84,0.009,0.007,0.07,0.13,Hipógeno,5,Skarn,124.307,18.78,3,Skarn,1049174,
103,104,PO-10-015,105.0,116.0,206519.73,8403895.1,6292.85299999999,11.0,0.542,0.026,4.8,0.875,0.009,1.27,2.9,61.4,9.48,25.06,0.83,3.14,0.05,1.26,0.022,0.037,0.04,0.11,Hipógeno,5,Skarn,52.572,10.151,3,Skarn,1049175,
104,105,PO-09-012,34.0,45.0,206545.6,8403987.0,6320.67499999999,11.0,1.333,0.069,9.0,0.44,0.004,0.028,3.18,68.0,9.05,22.21,0.35,1.69,0.06,4.41,0.049,0.036,0.04,0.06,Hipógeno,5,Skarn,112.028,17.395,3,Skarn,1049176,
105,106,PO-09-012,75.0,90.0,206571.47,8404078.9,6348.49699999999,15.0,0.182,0.001,2.7,0.032,0.01,0.046,1.02,90.8,26.63,8.52,0.15,4.04,0.01,0.67,0.003,0.001,0.02,0.02,Hipógeno,5,Skarn,93.357,17.623,3,Skarn,1049177,
106,107,PO-09-012,165.0,180.0,206597.34,8404170.8,6376.31899999999,15.0,0.312,0.042,4.9,0.208,0.344,0.624,4.53,95.8,8.49,10.08,1.17,4.74,0.76,1.96,0.005,0.011,0.02,0.05,Hipógeno,5,Skarn,157.439,21.053,3,Skarn,1049178,
107,108,PO-09-013,90.0,105.0,206623.21,8404262.7,6404.14099999999,15.0,1.088,0.001,7.6,0.244,0.012,0.461,1.23,83.5,8.74,38.43,0.17,1.86,0.02,1.96,0.034,0.037,0.03,0.07,Hipógeno,5,Skarn,69.154,12.275,3,Skarn,1049179,
108,109,PO-10-015,75.0,90.0,206649.08,8404354.6,6431.96299999999,15.0,0.165,0.007,1.7,1.23,0.028,0.095,3.85,51.4,7.34,25.44,1.37,3.29,0.19,0.38,0.011,0.01,0.07,0.13,Hipógeno,5,Skarn,94.838,15.423,3,Skarn,1049180,
109,110,PO-10-017,56.0,71.0,206674.95,8404446.5,6459.78499999999,15.0,0.085,0.002,1.1,0.062,0.01,0.028,5.94,63.5,15.16,8.61,1.68,1.85,0.29,0.1,0.009,0.007,0.11,0.19,Hipógeno,5,Skarn,86.26,17.245,3,Skarn,1049181,
110,111,PO-10-017,146.0,161.0,206700.82,8404538.4,6487.60699999999,15.0,0.819,0.001,6.2,0.445,0.016,0.097,3.16,179.0,8.78,27.0,0.77,1.27,0.1,0.73,0.078,0.109,0.1,0.23,Hipógeno,5,Skarn,62.19,14.757,3,Skarn,1049182,
111,112,PO-10-019,94.0,106.0,206726.69,8404630.3,6515.42899999999,12.0,0.242,0.017,2.4,0.156,0.028,0.099,4.29,83.0,6.1,23.61,0.9,1.82,0.75,0.73,0.009,0.011,0.04,0.08,Hipógeno,5,Skarn,111.577,18.295,3,Skarn,1049183,
112,113,PO-10-019,139.0,154.0,206752.56,8404722.2,6543.25099999999,15.0,0.81,0.051,5.3,0.244,0.014,0.068,3.27,65.1,7.6,21.87,1.16,2.51,0.45,1.04,0.019,0.015,0.02,0.04,Hipógeno,5,Skarn,110.663,18.441,3,Skarn,1049184,
113,114,PO-10-020,90.0,105.4,206778.43,8404814.1,6571.07299999999,15.4,1.311,0.027,3.4,0.403,0.007,0.052,1.37,92.3,7.47,26.94,0.45,2.54,0.04,1.26,0.092,0.133,0.07,0.17,Hipógeno,5,Skarn,105.335,17.687,3,Skarn,1049185,
114,115,PO-10-031,152.0,165.0,206804.3,8404906.0,6598.89499999999,13.0,0.109,0.001,1.7,0.04,0.013,0.038,2.33,65.6,5.19,32.82,0.78,3.4,0.11,2.35,0.006,0.004,0.06,0.09,Hipógeno,5,Skarn,73.532,14.45,3,Skarn,1049186,
115,116,PO-10-034,56.8,71.8,206830.17,8404997.9,6626.71699999999,15.0,0.919,0.037,4.3,0.466,0.006,0.052,2.21,95.1,4.91,31.88,0.41,3.59,0.63,1.32,0.026,0.024,0.03,0.05,Hipógeno,5,Skarn,78.755,12.992,3,Skarn,1049187,
116,117,PO-10-037,30.0,47.5,206856.04,8405089.8,6654.53899999999,17.5,0.129,0.005,1.3,0.053,0.005,0.115,2.92,79.8,17.77,14.13,0.52,2.74,0.33,1.03,0.011,0.007,0.09,0.14,Hipógeno,5,Skarn,77.547,14.558,3,Skarn,1049188,
117,118,PO-11-052,102.6,117.6,206881.91,8405181.7,6682.36099999999,15.0,1.13,0.005,1.6,0.289,0.0005,0.034,3.42,50.9,5.75,29.12,1.39,4.12,0.26,0.89,0.178,0.187,0.16,0.32,Mixto,5,Skarn,51.63,12.604,3,Skarn,1049189,
118,119,PO-11-052,117.6,132.6,206907.78,8405273.6,6710.18299999999,15.0,0.255,0.005,1.0,0.114,0.002,0.025,4.57,47.7,18.17,7.08,0.79,3.04,0.38,0.43,0.013,0.008,0.05,0.08,Hipógeno,5,Skarn,53.571,15.374,3,Skarn,1049190,
119,120,PO-11-052,132.6,147.6,206933.65,8405365.5,6738.00499999999,15.0,0.25,0.001,2.5,0.096,0.004,0.149,4.32,69.0,22.65,7.06,0.73,1.85,0.04,0.56,0.009,0.006,0.04,0.06,Hipógeno,5,Skarn,17.601,12.455,3,Skarn,1049191,
120,121,PO-11-059,89.6,104.6,206959.52,8405457.4,6765.82699999999,15.0,0.652,0.022,5.6,0.273,0.017,0.08,5.77,436.9,9.17,9.07,1.85,2.23,0.08,0.82,0.03,0.026,0.05,0.09,Hipógeno,5,Skarn,41.694,13.142,3,Skarn,1049192,
121,122,PO-11-059,186.8,201.8,206985.39,8405549.3,6793.64899999999,15.0,0.445,0.006,3.2,0.134,0.008,0.1,1.95,55.1,9.63,26.0,0.5,3.3,0.09,0.67,0.024,0.034,0.05,0.13,Hipógeno,5,Skarn,108.241,16.049,3,Skarn,1049193,
122,123,PO-11-088,64.5,79.5,207011.26,8405641.2,6821.47099999999,15.0,0.086,0.001,0.25,0.057,0.002,0.049,5.3,38.9,22.75,6.92,0.41,2.39,0.08,0.03,0.057,0.002,0.66,0.69,Mixto,5,Skarn,13.384,14.942,3,Skarn,1049194,
123,124,PO-11-088,174.5,189.5,207037.13,8405733.1,6849.29299999999,15.0,0.327,0.021,5.5,0.137,0.051,0.096,2.97,76.8,11.73,17.87,0.65,2.84,0.12,1.42,0.009,0.008,0.03,0.05,Hipógeno,5,Skarn,103.089,18.919,3,Skarn,1049195,
124,125,PO-10-016,156.9,171.9,207063.0,8405825.0,6877.11499999999,15.0,0.171,0.019,0.6,0.062,0.005,0.017,5.22,32.1,10.4,4.92,2.11,3.98,0.98,0.54,0.007,0.004,0.04,0.06,Hipógeno,5,Skarn,124.966,20.23,3,Skarn,1049196,
125,126,PO-10-031,90.0,105.0,207088.87,8405916.9,6904.93699999998,15.0,1.308,0.001,5.9,0.515,0.004,0.036,1.93,78.2,4.61,39.33,0.54,1.52,0.03,1.35,0.094,0.11,0.07,0.16,Hipógeno,5,Skarn,93.043,14.498,3,Skarn,1049197,
126,127,PO-10-035,45.0,60.0,207114.74,8406008.8,6932.75899999998,15.0,1.078,0.013,1.9,0.378,0.011,0.041,3.67,68.1,5.93,25.46,1.13,1.74,0.4,1.47,0.188,0.039,0.17,0.21,Hipógeno,5,Skarn,76.271,15.626,3,Skarn,1049198,
127,128,PO-10-044,116.2,130.5,207140.61,8406100.7,6960.58099999998,14.3,0.157,0.013,1.0,0.056,0.029,0.031,2.93,29.4,14.65,4.43,0.74,5.32,0.09,0.73,0.004,0.004,0.03,0.05,Hipógeno,5,Skarn,85.857,17.778,3,Skarn,1049199,
128,129,PO-11-072,225.0,240.0,207166.48,8406192.6,6988.40299999998,15.0,0.987,0.001,11.6,0.269,0.006,0.032,2.79,73.8,10.89,22.34,0.2,1.96,0.02,2.63,0.079,0.098,0.08,0.18,Hipógeno,5,Skarn,127.33,18.985,3,Skarn,1049200,
129,130,PO-12-132,149.0,164.0,207192.35,8406284.5,7016.22499999998,15.0,1.246,0.052,4.5,0.48,0.003,0.033,1.13,67.0,4.05,40.0,0.28,1.95,0.005,1.31,0.09,0.121,0.07,0.17,Hipógeno,5,Skarn,71.063,12.965,3,Skarn,1049201,
130,131,PO-12-134,33.2,46.0,207218.22,8406376.4,7044.04699999998,12.8,0.035,0.002,0.25,0.045,0.0005,0.013,5.32,50.5,4.98,24.05,1.25,2.99,1.08,0.05,0.005,0.003,0.14,0.23,Hipógeno,5,Skarn,146.828,18.484,3,Skarn,1049202,
131,132,PO-12-134,63.2,78.2,207244.09,8406468.3,7071.86899999998,15.0,0.091,0.01,0.25,0.074,0.0005,0.011,3.04,47.3,4.36,34.4,0.63,2.98,0.43,0.17,0.013,0.018,0.14,0.34,Mixto,5,Skarn,99.128,14.211,3,Skarn,1049203,
132,133,PO-10-026,27.4,42.1,207269.96,8406560.2,7099.69099999998,14.7,0.834,0.053,16.7,0.296,0.092,0.168,3.32,100.9,8.87,23.73,0.64,1.46,0.19,3.51,0.058,0.036,0.07,0.11,Hipógeno,5,Skarn,71.854,15.794,3,Skarn,1049204,
133,134,PO-11-064,159.9,171.8,207295.83,8406652.1,7127.51299999998,11.9,0.193,0.003,0.6,0.086,0.0005,0.015,1.1,47.2,1.85,40.0,0.62,2.06,0.07,0.23,0.027,0.042,0.14,0.36,Mixto,5,Skarn,64.932,12.748,3,Skarn,1049205,
134,135,PO-11-084,122.4,137.4,207321.7,8406744.0,7155.33499999998,15.0,1.328,0.124,3.6,0.287,0.005,0.088,2.29,75.8,6.16,24.91,0.82,4.17,0.33,0.21,0.035,0.039,0.03,0.06,Hipógeno,5,Skarn,96.219,16.361,3,Skarn,1049206,
135,136,PO-11-101,177.0,187.0,207347.57,8406835.9,7183.15699999998,10.0,1.124,0.001,3.7,0.785,0.0005,0.022,3.3,54.4,7.16,24.7,1.26,3.47,0.27,2.09,0.207,0.404,0.18,0.54,Mixto,5,Skarn,61.701,12.11,3,Skarn,1049207,
136,137,PO-11-056,212.0,227.0,207373.44,8406927.8,7210.97899999998,15.0,0.692,0.001,2.1,0.224,0.043,0.084,4.05,48.1,6.2,22.45,1.49,2.79,0.6,0.72,0.063,0.094,0.09,0.23,Hipógeno,5,Skarn,71.577,17.245,3,Skarn,1049208,
137,138,PO-11-062,15.0,30.0,207399.31,8407019.7,7238.80099999998,15.0,0.292,0.019,0.6,0.11,0.001,0.01,2.75,30.6,9.97,9.76,0.94,3.97,0.36,0.73,0.056,0.013,0.19,0.24,Hipógeno,5,Skarn,91.916,14.556,3,Skarn,1049209,
138,139,PO-11-076,199.7,214.7,207425.18,8407111.6,7266.62299999998,15.0,1.167,0.001,7.3,0.705,0.002,0.023,2.72,61.3,8.22,24.17,1.23,2.83,0.28,0.64,0.2,0.432,0.17,0.54,Mixto,5,Skarn,79.625,17.347,3,Skarn,1049210,
139,140,PO-11-077,75.2,90.2,207451.05,8407203.5,7294.44499999998,15.0,0.391,0.002,3.2,0.078,0.027,0.231,1.49,59.2,14.45,25.93,0.39,2.31,0.005,0.76,0.007,0.006,0.02,0.03,Hipógeno,5,Skarn,68.645,13.628,3,Skarn,1049211,
140,141,PO-11-077,90.2,105.2,207476.92,8407295.4,7322.26699999998,15.0,0.502,0.001,3.2,0.349,0.189,0.943,1.97,55.8,9.64,24.47,0.47,3.53,0.03,1.2,0.009,0.012,0.02,0.04,Hipógeno,5,Skarn,108.936,15.916,3,Skarn,1049212,
141,142,PO-11-080,45.0,63.1,207502.79,8407387.3,7350.08899999998,18.1,1.258,0.014,14.5,1.132,0.064,0.181,1.59,117.8,13.54,12.57,0.45,2.15,0.02,2.2,0.026,0.016,0.02,0.03,Hipógeno,5,Skarn,68.888,17.076,3,Skarn,1049213,
142,143,PO-11-084,92.4,107.4,207528.66,8407479.2,7377.91099999998,15.0,0.347,0.045,9.4,0.207,0.138,0.234,6.02,60.0,8.84,7.37,2.1,1.23,0.31,1.01,0.005,0.005,0.01,0.03,Hipógeno,5,Skarn,87.885,17.288,3,Skarn,1049214,
143,144,PO-11-087,154.2,169.2,207554.53,8407571.1,7405.73299999998,15.0,0.19,0.004,2.0,0.383,0.014,0.165,4.3,37.1,15.41,12.28,0.66,2.75,0.28,0.82,0.003,0.003,0.02,0.03,Hipógeno,5,Skarn,30.606,15.493,3,Skarn,1049215,
144,145,PO-11-087,169.2,184.2,207580.4,8407663.0,7433.55499999998,15.0,0.126,0.001,1.3,0.075,0.003,0.076,4.12,39.7,21.23,7.79,0.48,2.03,0.11,0.53,0.003,0.003,0.02,0.05,Hipógeno,5,Skarn,25.584,14.414,3,Skarn,1049216,
145,146,PO-11-094,194.0,209.0,207606.27,8407754.9,7461.37699999998,15.0,0.9,0.001,6.7,0.222,0.003,0.03,3.6,41.8,17.17,16.01,0.41,2.56,0.07,0.77,0.072,0.215,0.08,0.32,Mixto,5,Skarn,69.231,14.197,3,Skarn,1049217,
146,147,PO-11-094,209.0,224.0,207632.14,8407846.8,7489.19899999998,15.0,1.003,0.001,14.2,0.404,0.037,0.123,3.65,45.5,12.53,14.79,0.81,2.98,0.1,1.31,0.065,0.086,0.06,0.15,Hipógeno,5,Skarn,95.877,15.523,3,Skarn,1049218,
147,148,PO-12-122,150.0,165.0,207658.01,8407938.7,7517.02099999998,15.0,0.975,0.001,10.3,0.207,0.006,0.344,2.58,47.7,18.0,21.01,0.26,1.64,0.005,1.89,0.015,0.012,0.02,0.03,Hipógeno,5,Skarn,100.108,14.918,3,Skarn,1049219,
148,149,PO-12-122,195.0,210.0,207683.88,8408030.6,7544.84299999998,15.0,0.416,0.001,5.9,0.228,0.033,0.095,4.93,45.2,14.58,11.06,0.57,2.42,0.09,0.82,0.017,0.028,0.04,0.11,Hipógeno,5,Skarn,113.584,19.522,3,Skarn,1049220,
149,150,PO-12-122,210.0,225.0,207709.75,8408122.5,7572.66499999998,15.0,0.411,0.002,7.3,0.105,0.021,0.213,4.23,38.9,18.94,6.4,0.51,1.83,0.005,1.15,0.008,0.009,0.02,0.04,Hipógeno,5,Skarn,106.779,17.064,3,Skarn,1049221,
150,151,PO-09-006,105.0,120.0,207735.62,8408214.4,7600.48699999998,15.0,0.53,0.001,2.4,0.155,0.001,0.026,3.88,35.3,7.2,20.51,1.42,4.61,0.06,0.49,0.03,0.079,0.06,0.21,Hipógeno,5,Skarn,126.957,18.885,3,Skarn,1049490,
151,152,PO-09-012,90.0,105.0,207761.49,8408306.3,7628.30899999998,15.0,0.331,0.001,5.0,0.056,0.016,0.637,0.93,57.0,22.69,15.76,0.23,2.41,0.02,1.53,0.004,0.009,0.01,0.04,Hipógeno,5,Skarn,75.116,13.764,3,Skarn,1049491,
152,153,PO-09-012,135.0,150.0,207787.36,8408398.2,7656.13099999998,15.0,1.35,0.003,2.2,0.226,0.005,0.065,3.04,33.2,7.59,27.43,1.46,3.72,0.09,1.31,0.032,0.07,0.02,0.08,Hipógeno,5,Skarn,73.027,15.065,3,Skarn,1049492,
153,154,PO-09-013,15.0,30.0,207813.23,8408490.1,7683.95299999998,15.0,0.264,0.002,2.4,0.26,0.006,0.023,1.82,55.0,6.69,26.97,0.61,3.18,0.04,0.07,0.184,0.005,0.7,0.72,Supergeno,5,Skarn,22.295,10.121,3,Skarn,1049493,
154,155,PO-09-013,30.0,45.0,207839.1,8408582.0,7711.77499999998,15.0,0.891,0.005,3.2,0.344,0.023,0.069,1.37,49.4,5.48,31.5,0.64,1.95,0.03,0.95,0.125,0.087,0.14,0.24,Hipógeno,5,Skarn,27.546,11.745,3,Skarn,1049494,
155,156,PO-10-040,75.0,97.2,207864.97,8408673.9,7739.59699999998,22.2,0.492,0.029,3.7,0.366,0.059,0.162,3.49,54.6,6.32,20.94,0.97,2.66,0.51,1.5,0.011,0.018,0.02,0.06,Hipógeno,5,Skarn,124.537,18.013,3,Skarn,1049495,
156,157,PO-10-041,217.1,232.1,207890.84,8408765.8,7767.41899999998,15.0,0.453,0.001,4.3,0.689,0.003,0.025,2.15,46.8,10.58,23.6,0.61,1.74,0.09,0.6,0.081,0.193,0.18,0.6,Mixto,5,Skarn,83.811,16.478,3,Skarn,1049497,
157,158,PO-10-042,45.0,60.0,207916.71,8408857.7,7795.24099999998,15.0,0.795,0.07,6.4,0.799,0.039,0.101,2.77,56.9,7.82,25.31,1.37,2.25,0.08,1.54,0.017,0.024,0.02,0.05,Hipógeno,5,Skarn,72.865,16.513,3,Skarn,1049498,
158,159,PO-10-042,60.0,75.0,207942.58,8408949.6,7823.06299999998,15.0,0.276,0.007,3.1,0.103,0.035,0.077,4.68,69.7,10.09,7.39,1.18,2.9,1.23,0.69,0.007,0.013,0.03,0.07,Hipógeno,5,Skarn,113.058,18.184,3,Skarn,1049499,
159,160,PO-10-043,56.6,75.4,207968.45,8409041.5,7850.88499999998,18.8,0.725,0.004,9.5,0.196,0.015,0.089,2.2,48.9,9.63,25.59,1.01,3.93,0.18,1.28,0.008,0.013,0.01,0.03,Hipógeno,5,Skarn,79.791,13.998,3,Skarn,1049500,
160,161,PO-11-052,190.0,205.0,207994.32,8409133.4,7878.70699999998,15.0,0.314,0.004,3.8,0.059,0.007,0.312,2.55,59.9,25.7,5.56,0.81,2.27,0.08,1.29,0.003,0.005,0.01,0.03,Hipógeno,5,Skarn,66.033,14.104,3,Skarn,1049501,
161,162,PO-11-057,165.0,180.0,208020.19,8409225.3,7906.52899999998,15.0,0.145,0.007,6.7,0.16,0.048,0.198,5.04,45.0,6.5,15.07,2.26,3.1,0.37,0.69,0.004,0.009,0.03,0.09,Hipógeno,5,Skarn,78.78,16.682,3,Skarn,1049502,
162,163,PO-11-084,77.4,92.4,208046.06,8409317.2,7934.35099999998,15.0,0.264,0.028,3.2,0.19,0.046,0.282,4.03,68.0,6.38,21.38,1.66,1.15,0.55,0.96,0.006,0.012,0.02,0.07,Hipógeno,5,Skarn,79.55,18.535,3,Skarn,1049504,
163,164,PO-11-101,156.9,171.0,208071.93,8409409.1,7962.17299999998,14.1,0.275,0.003,1.5,0.164,0.008,0.038,4.38,38.3,13.03,12.78,1.08,2.86,0.19,0.39,0.036,0.081,0.13,0.43,Mixto,5,Skarn,42.289,14.051,3,Skarn,1049505,
164,165,PO-12-112,152.0,167.0,208097.8,8409501.0,7989.99499999998,15.0,0.048,0.001,0.8,0.022,0.002,0.028,3.89,43.8,11.49,17.2,1.06,4.14,0.03,0.19,0.002,0.002,0.04,0.08,Hipógeno,5,Skarn,99.255,18.044,3,Skarn,1049506,
165,166,PO-09-013,125.7,140.0,208123.67,8409592.9,8017.81699999998,14.3,0.157,0.007,1.6,0.058,0.034,0.075,4.07,46.7,7.4,15.19,0.99,3.62,0.81,2.53,0.004,0.006,0.03,0.06,Hipógeno,5,Skarn,142.648,20.989,3,Skarn,1049507,
166,167,PO-10-016,45.0,60.0,208149.54,8409684.8,8045.63899999998,15.0,0.473,0.002,3.9,0.112,0.009,0.592,1.9,77.8,19.58,16.77,0.41,1.5,0.01,2.44,0.007,0.013,0.01,0.04,Hipógeno,5,Skarn,54.315,13.873,3,Skarn,1049508,
167,168,PO-10-015,165.0,180.0,208175.41,8409776.7,8073.46099999998,15.0,0.458,0.007,2.3,0.08,0.026,0.037,5.19,32.8,7.67,7.48,1.87,3.33,1.07,1.27,0.007,0.01,0.02,0.04,Hipógeno,5,Skarn,136.217,20.844,3,Skarn,1049509,
168,169,PO-10-024,34.0,48.0,208201.28,8409868.6,8101.28299999998,14.0,0.148,0.003,0.25,0.057,0.0005,0.009,4.1,31.7,8.32,14.11,0.83,4.33,0.97,0.3,0.013,0.019,0.09,0.22,Hipógeno,5,Skarn,126.626,15.657,3,Skarn,1049511,
169,170,PO-10-024,64.0,78.0,208227.15,8409960.5,8129.10499999998,14.0,0.111,0.001,0.25,0.049,0.0005,0.009,5.24,29.5,8.18,10.51,1.2,2.26,0.68,0.19,0.01,0.019,0.09,0.26,Hipógeno,5,Skarn,82.374,14.54,3,Skarn,1049512,
170,171,PO-10-026,16.6,27.4,208253.02,8410052.4,8156.92699999998,10.8,1.856,0.056,33.5,0.359,0.026,0.084,3.37,50.2,7.02,28.73,0.84,1.17,0.28,5.69,0.087,0.132,0.05,0.12,Hipógeno,5,Skarn,104.305,18.319,3,Skarn,1049513,
171,172,PO-10-031,30.0,45.0,208278.89,8410144.3,8184.74899999998,15.0,0.921,0.108,7.3,0.926,0.37,0.946,0.03,49.5,0.03,20.54,0.005,0.005,0.005,2.02,0.012,0.047,0.01,0.06,Hipógeno,5,Skarn,119.687,19.727,3,Skarn,1049514,
172,173,PO-10-031,168.3,179.0,208304.76,8410236.2,8212.57099999998,10.7,0.177,0.012,2.9,0.071,0.003,0.023,1.09,41.8,4.44,30.8,0.32,3.02,0.11,1.35,0.006,0.006,0.03,0.07,Hipógeno,5,Skarn,62.824,15.274,3,Skarn,1049515,
173,174,PO-10-035,15.0,30.0,208330.63,8410328.1,8240.39299999998,15.0,0.179,0.001,0.6,0.112,0.0005,0.009,3.93,31.1,6.27,21.86,0.76,4.2,0.75,0.2,0.092,0.014,0.51,0.59,Mixto,5,Skarn,90.285,15.185,3,Skarn,1049516,
174,175,PO-10-040,35.0,45.0,208356.5,8410420.0,8268.21499999998,10.0,0.118,0.023,1.5,0.092,0.144,0.185,7.97,48.4,8.28,4.02,1.75,1.56,1.47,0.24,0.023,0.009,0.19,0.27,Hipógeno,5,Skarn,102.378,17.772,3,Skarn,1049518,
175,176,PO-10-041,247.1,262.2,208382.37,8410511.9,8296.03699999998,15.1,0.159,0.004,3.0,0.267,0.05,0.081,5.32,59.2,5.03,11.67,2.09,1.48,0.72,0.54,0.009,0.047,0.06,0.35,Mixto,5,Skarn,116.633,20.967,3,Skarn,1049519,
176,177,PO-11-054,173.0,188.0,208408.24,8410603.8,8323.85899999998,15.0,0.269,0.014,1.9,0.145,0.036,0.082,4.79,38.6,6.01,20.16,2.1,2.67,0.7,0.46,0.028,0.058,0.1,0.32,Mixto,5,Skarn,122.513,18.769,3,Skarn,1049520,
177,178,PO-11-059,74.6,84.7,208434.11,8410695.7,8351.68099999998,10.1,0.492,0.033,1.7,0.236,0.01,0.025,5.21,58.6,11.11,9.37,1.29,2.32,0.92,0.53,0.016,0.053,0.03,0.14,Hipógeno,5,Skarn,129.32,20.275,3,Skarn,1049521,
178,179,PO-11-079,60.0,72.1,208459.98,8410787.6,8379.50299999998,12.1,0.333,0.015,0.25,0.2,0.0005,0.01,4.24,21.9,4.7,19.88,1.18,1.55,0.97,0.38,0.018,0.065,0.05,0.25,Hipógeno,5,Skarn,86.615,12.233,3,Skarn,1049522,
179,180,PO-11-080,15.0,30.0,208485.85,8410879.5,8407.32499999998,15.0,0.098,0.011,1.2,0.05,0.0005,0.011,2.13,30.1,11.33,13.8,0.64,4.7,0.17,0.29,0.016,0.017,0.16,0.34,Mixto,5,Skarn,51.681,14.984,3,Skarn,1049523,
180,181,PO-11-087,139.2,154.2,208511.72,8410971.4,8435.14699999998,15.0,0.33,0.007,1.2,0.787,0.017,0.036,3.24,68.5,8.68,18.84,1.43,2.9,0.49,0.57,0.006,0.008,0.02,0.04,Hipógeno,5,Skarn,84.925,15.762,3,Skarn,1049525,
181,182,PO-11-088,35.0,49.5,208537.59,8411063.3,8462.96899999998,14.5,0.597,0.012,1.6,0.132,0.0005,0.016,3.18,58.3,17.94,16.16,0.7,1.82,0.23,0.42,0.109,0.177,0.18,0.48,Mixto,5,Skarn,48.077,12.823,3,Skarn,1049526,
182,183,PO-11-101,187.9,198.0,208563.46,8411155.2,8490.79099999998,10.1,0.365,0.001,1.4,0.102,0.004,0.039,4.58,51.9,12.75,8.22,1.38,4.82,0.19,0.4,0.026,0.106,0.07,0.36,Mixto,5,Skarn,96.629,16.334,3,Skarn,1049527,
183,184,PO-10-020,75.0,90.0,208589.33,8411247.1,8518.61299999998,15.0,0.463,0.004,4.2,0.152,0.011,0.025,4.41,53.6,9.0,12.37,1.45,3.09,0.6,0.51,0.036,0.101,0.08,0.3,Hipógeno,5,Skarn,95.178,16.349,3,Skarn,1049528,
184,185,PO-10-038,67.8,78.9,208615.2,8411339.0,8546.43499999998,11.1,0.098,0.001,1.0,0.064,0.009,0.019,5.93,31.8,7.74,15.66,1.39,4.05,0.98,0.31,0.007,0.019,0.07,0.27,Hipógeno,5,Skarn,117.071,18.385,3,Skarn,1049529,
185,186,PO-10-044,30.0,45.0,208641.07,8411430.9,8574.25699999998,15.0,0.128,0.001,0.9,0.052,0.001,0.023,4.65,37.4,15.94,11.04,0.91,3.51,0.12,0.19,0.06,0.027,0.47,0.68,Mixto,5,Skarn,27.513,12.663,3,Skarn,1049530,
186,187,PO-11-057,105.0,120.0,208666.94,8411522.8,8602.07899999998,15.0,0.301,0.014,1.5,0.158,0.004,0.022,6.61,32.1,6.98,15.53,1.45,1.05,0.9,0.28,0.037,0.09,0.12,0.42,Mixto,5,Skarn,115.285,16.498,3,Skarn,1049532,
187,188,PO-11-058,100.7,115.7,208692.81,8411614.7,8629.90099999998,15.0,0.173,0.014,1.0,0.102,0.006,0.053,5.41,75.0,6.58,16.07,1.31,1.47,1.02,0.27,0.014,0.041,0.08,0.32,Mixto,5,Skarn,85.652,15.746,3,Skarn,1049533,
188,189,PO-11-058,160.7,175.7,208718.68,8411706.6,8657.72299999998,15.0,0.319,0.005,1.7,0.138,0.005,0.03,5.29,46.9,6.8,11.45,2.44,3.16,0.71,0.42,0.014,0.04,0.04,0.17,Hipógeno,5,Skarn,92.699,16.064,3,Skarn,1049534,
189,190,PO-10-017,86.0,101.0,208744.55,8411798.5,8685.54499999998,15.0,0.138,0.007,0.6,0.067,0.001,0.014,2.48,42.4,9.59,25.09,0.77,0.85,0.08,0.73,0.006,0.009,0.04,0.11,Hipógeno,5,Skarn,73.924,12.752,3,Skarn,1049535,
190,191,PO-10-018,32.5,45.0,208770.42,8411890.4,8713.36699999998,12.5,0.337,0.043,1.9,0.107,0.014,0.056,3.0,55.0,7.8,25.23,0.55,1.59,0.2,0.56,0.022,0.037,0.07,0.18,Hipógeno,5,Skarn,133.969,18.63,3,Skarn,1049536,
191,192,PO-10-024,94.0,109.0,208796.29,8411982.3,8741.18899999997,15.0,0.135,0.002,0.25,0.072,0.006,0.029,2.07,46.8,3.41,20.76,0.58,1.31,0.35,0.15,0.015,0.037,0.11,0.39,Mixto,5,Skarn,69.812,14.283,3,Skarn,1049537,
192,193,PO-10-042,30.0,45.0,208822.16,8412074.2,8769.01099999997,15.0,0.833,0.062,1.2,0.316,0.003,0.011,3.14,43.2,5.96,21.37,1.1,3.34,0.48,1.29,0.027,0.032,0.03,0.07,Hipógeno,5,Skarn,83.401,13.705,3,Skarn,1049539,
193,194,PO-10-044,100.5,115.5,208848.03,8412166.1,8796.83299999997,15.0,0.601,0.008,4.5,0.208,0.01,0.027,2.83,64.4,14.25,8.04,0.88,3.18,0.2,1.75,0.008,0.02,0.01,0.05,Hipógeno,5,Skarn,89.572,17.458,3,Skarn,1049540,
194,195,PO-11-049,143.1,156.1,208873.9,8412258.0,8824.65499999997,13.0,0.328,0.001,2.3,0.156,0.003,0.026,2.64,56.1,9.09,24.82,0.58,3.09,0.11,0.73,0.005,0.003,0.02,0.02,Hipógeno,5,Skarn,119.403,16.688,3,Skarn,1049541,
195,196,PO-11-057,150.0,165.0,208899.77,8412349.9,8852.47699999997,15.0,0.293,0.045,3.4,0.126,0.086,0.092,5.25,81.6,9.03,9.0,2.04,2.2,0.35,0.52,0.014,0.04,0.05,0.18,Hipógeno,5,Skarn,84.243,16.472,3,Skarn,1049542,
196,197,PO-11-057,183.0,195.0,208925.64,8412441.8,8880.29899999997,12.0,0.784,0.003,5.5,0.31,0.012,0.064,1.8,74.4,5.56,23.85,0.81,2.14,0.09,1.06,0.067,0.208,0.09,0.35,Mixto,5,Skarn,92.275,16.987,3,Skarn,1049543,
197,198,PO-11-077,105.2,120.2,208951.51,8412533.7,8908.12099999997,15.0,0.242,0.007,4.5,0.373,0.063,0.103,2.16,73.4,6.02,28.85,0.59,2.62,0.1,2.24,0.006,0.018,0.02,0.1,Hipógeno,5,Skarn,103.735,16.796,3,Skarn,1049544,
198,199,PO-11-087,124.2,135.0,208977.38,8412625.6,8935.94299999997,10.8,0.426,0.001,3.4,0.193,0.009,0.061,3.59,53.8,15.65,12.92,0.8,2.02,0.04,1.07,0.005,0.01,0.01,0.04,Hipógeno,5,Skarn,52.847,12.25,3,Skarn,1049545,
199,200,PO-11-095,50.0,60.0,209003.25,8412717.5,8963.76499999997,10.0,0.469,0.007,2.0,0.147,0.005,0.059,2.58,53.5,6.88,23.34,0.87,2.73,0.13,0.81,0.008,0.01,0.02,0.04,Hipógeno,5,Skarn,22.577,12.788,3,Skarn,1049547,
200,201,PO-10-035,0.0,15.0,209029.12,8412809.4,8991.58699999997,15.0,0.133,0.001,1.0,0.062,0.001,0.009,5.63,41.8,6.77,17.22,0.9,3.99,1.56,0.14,0.066,0.01,0.5,0.57,Mixto,5,Skarn,114.338,15.968,3,Skarn,1049548,
201,202,PO-11-054,112.0,122.0,209054.99,8412901.3,9019.40899999997,10.0,0.108,0.057,0.7,0.083,0.0005,0.027,8.34,45.5,7.7,5.76,1.62,1.77,1.59,0.18,0.009,0.014,0.08,0.21,Hipógeno,5,Skarn,123.06,17.699,3,Skarn,1049549,
202,203,PO-11-067,8.1,23.1,209080.86,8412993.2,9047.23099999997,15.0,0.741,0.043,21.3,0.553,0.288,1.3,2.06,314.4,10.54,12.36,0.62,1.38,0.04,3.65,0.011,0.029,0.01,0.05,Hipógeno,5,Skarn,103.441,16.985,3,Skarn,1049550,
203,204,PO-12-111,124.3,135.0,209106.73,8413085.1,9075.05299999997,10.7,1.809,0.001,9.9,1.379,0.014,0.048,2.32,43.9,8.32,32.14,0.77,1.45,0.17,0.84,0.252,0.749,0.14,0.55,Mixto,5,Skarn,46.366,12.173,3,Skarn,1049551,
204,205,PO-12-134,18.2,33.2,209132.6,8413177.0,9102.87499999997,15.0,0.136,0.009,0.25,0.103,0.0005,0.006,6.89,37.0,5.32,13.79,1.49,3.91,1.95,0.13,0.014,0.026,0.1,0.29,Hipógeno,5,Skarn,153.494,19.518,3,Skarn,1049552,
205,206,PO-12-134,78.2,93.2,209158.47,8413268.9,9130.69699999997,15.0,0.107,0.01,0.25,0.039,0.0005,0.01,5.28,32.0,6.68,24.82,1.09,4.25,0.83,0.41,0.004,0.005,0.04,0.08,Hipógeno,5,Skarn,136.437,16.502,3,Skarn,1049554,
206,207,PO-12-134,93.2,108.2,209184.34,8413360.8,9158.51899999997,15.0,0.6,0.006,1.6,0.276,0.001,0.032,3.71,39.3,7.98,26.19,0.78,3.17,0.24,0.47,0.078,0.12,0.13,0.33,Mixto,5,Skarn,101.237,15.665,3,Skarn,1049555,
207,208,PO-11-079,75.0,90.0,209210.21,8413452.7,9186.34099999997,15.0,1.065,0.035,3.8,0.369,0.002,0.021,1.76,29.9,3.73,39.52,0.32,1.53,0.27,1.02,0.039,0.064,0.04,0.1,Hipógeno,5,Skarn,62.19,11.881,3,Skarn,1049556,
208,209,PO-11-081,47.0,62.0,209236.08,8413544.6,9214.16299999997,15.0,0.692,0.005,1.2,0.21,0.0005,0.018,3.34,36.7,7.76,24.61,1.06,2.74,0.35,0.55,0.083,0.125,0.12,0.3,Mixto,5,Skarn,85.297,14.36,3,Skarn,1049557,
209,210,PO-09-006,75.0,90.0,209261.95,8413636.5,9241.98499999997,15.0,2.287,0.001,7.1,0.81,0.003,0.032,1.29,38.6,3.1,40.0,0.41,2.35,0.01,2.5,0.06,0.078,0.03,0.06,Hipógeno,5,Skarn,90.807,13.658,3,Skarn,1049558,
210,211,PO-09-009,15.0,30.0,209287.82,8413728.4,9269.80699999997,15.0,0.225,0.006,3.4,0.137,0.016,0.03,6.28,40.1,12.86,13.23,1.56,1.71,0.22,0.32,0.102,0.009,0.45,0.49,Mixto,5,Skarn,64.621,14.441,3,Skarn,1049559,
211,212,PO-10-019,79.0,94.0,209313.69,8413820.3,9297.62899999997,15.0,0.138,0.008,1.7,0.247,0.048,0.157,9.66,57.5,16.76,13.75,2.65,3.17,0.63,0.46,0.012,0.014,0.09,0.19,Hipógeno,5,Skarn,94.611,16.326,3,Skarn,1049561,
212,213,PO-10-027,15.0,30.0,209339.56,8413912.2,9325.45099999997,15.0,0.11,0.007,4.8,0.242,0.057,0.128,4.53,114.7,7.22,18.7,1.41,1.6,0.48,0.85,0.017,0.009,0.15,0.24,Hipógeno,5,Skarn,89.774,15.475,3,Skarn,1049562,
213,214,PO-10-035,30.0,45.0,209365.43,8414004.1,9353.27299999997,15.0,0.43,0.004,1.7,0.121,0.01,0.042,3.92,95.9,3.86,31.6,1.05,3.83,0.34,0.97,0.238,0.041,0.55,0.65,Mixto,5,Skarn,32.892,10.72,3,Skarn,1049563,
214,215,PO-11-052,150.0,160.0,209391.3,8414096.0,9381.09499999997,10.0,0.294,0.001,1.4,0.108,0.0005,0.096,4.81,57.2,20.42,6.37,0.6,2.62,0.04,0.65,0.006,0.009,0.02,0.05,Hipógeno,5,Skarn,10.665,13.465,3,Skarn,1049564,
215,216,PO-12-134,153.2,166.0,209417.17,8414187.9,9408.91699999997,12.8,1.698,0.016,6.0,0.422,0.0005,0.025,2.64,42.2,2.39,39.9,1.92,1.01,0.33,1.25,0.257,0.569,0.15,0.49,Mixto,5,Skarn,66.884,15.128,3,Skarn,1049565,
216,217,PO-10-017,212.0,227.0,209443.04,8414279.8,9436.73899999997,15.0,0.517,0.003,7.7,0.346,0.094,0.182,5.47,51.3,4.18,18.71,2.03,1.32,0.95,0.89,0.027,0.068,0.05,0.18,Hipógeno,5,Skarn,77.45,19.753,3,Skarn,1049566,
217,218,PO-10-019,169.0,184.0,209468.91,8414371.7,9464.56099999997,15.0,2.109,0.04,10.2,0.588,0.042,0.103,0.96,110.9,2.61,40.0,0.42,1.74,0.005,2.89,0.147,0.299,0.07,0.21,Hipógeno,5,Skarn,79.522,11.539,3,Skarn,1049568,
218,219,PO-10-040,60.0,75.0,209494.78,8414463.6,9492.38299999997,15.0,1.443,0.019,2.0,0.472,0.002,0.022,3.38,45.8,4.57,32.1,1.31,2.05,0.5,2.0,0.035,0.036,0.02,0.05,Hipógeno,5,Skarn,79.084,14.677,3,Skarn,1049569,
219,220,PO-11-054,203.0,223.5,209520.65,8414555.5,9520.20499999997,20.5,1.09,0.005,3.5,0.382,0.109,0.057,3.61,43.6,4.54,29.21,1.81,3.67,0.54,1.13,0.054,0.144,0.05,0.18,Hipógeno,5,Skarn,99.739,15.428,3,Skarn,1049570,
220,221,PO-11-056,2.0,17.0,209546.52,8414647.4,9548.02699999997,15.0,0.147,0.005,1.5,0.189,0.01,0.033,7.47,49.0,7.29,5.86,1.56,1.84,1.91,0.12,0.07,0.021,0.48,0.62,Mixto,5,Skarn,125.234,19.367,3,Skarn,1049571,
221,222,PO-11-058,175.7,186.0,209572.39,8414739.3,9575.84899999997,10.3,1.078,0.092,3.9,0.334,0.0005,0.02,1.55,46.2,2.99,38.65,0.96,1.85,0.15,1.08,0.085,0.184,0.08,0.25,Hipógeno,5,Skarn,53.705,13.022,3,Skarn,1049572,
222,223,PO-11-062,0.0,15.0,209598.26,8414831.2,9603.67099999997,15.0,0.168,0.001,0.7,0.071,0.014,0.043,7.97,28.9,5.46,4.36,1.9,2.21,2.95,0.1,0.089,0.007,0.53,0.57,Mixto,5,Skarn,101.401,14.138,3,Skarn,1049573,
223,224,PO-11-064,144.9,159.9,209624.13,8414923.1,9631.49299999997,15.0,1.291,0.006,6.1,0.327,0.046,0.126,1.6,48.8,3.21,39.21,0.53,2.64,0.04,2.29,0.027,0.034,0.02,0.05,Hipógeno,5,Skarn,59.225,11.422,3,Skarn,1049575,
224,225,PO-11-072,165.0,180.0,209650.0,8415015.0,9659.31499999997,15.0,2.091,0.001,22.4,1.363,0.175,0.194,1.01,126.1,4.75,40.0,0.26,1.66,0.01,1.83,0.197,0.505,0.09,0.34,Mixto,5,Skarn,43.909,11.095,3,Skarn,1049576,
225,226,PO-11-079,0.0,15.0,209675.87,8415106.9,9687.13699999997,15.0,0.162,0.003,3.1,0.113,0.036,0.136,6.46,50.2,3.63,15.03,1.86,2.51,1.2,0.35,0.079,0.01,0.49,0.55,Mixto,5,Skarn,109.126,18.075,3,Skarn,1049577,
226,227,PO-12-132,134.0,149.0,209701.74,8415198.8,9714.95899999997,15.0,1.853,0.04,4.5,0.724,0.005,0.018,0.97,35.0,2.77,40.0,0.37,2.04,0.02,1.35,0.14,0.592,0.08,0.4,Mixto,5,Skarn,44.589,10.28,3,Skarn,1049578,
227,228,PO-09-012,105.0,120.0,209727.61,8415290.7,9742.78099999997,15.0,0.024,0.001,1.1,0.03,0.088,0.198,1.02,198.4,39.44,1.41,0.54,1.38,0.005,0.58,0.001,0.001,0.04,0.08,Hipógeno,1,Limestone,63.589,12.228,2,Limestone,1049579,
228,229,PO-11-059,104.6,124.0,209753.48,8415382.6,9770.60299999997,19.4,1.79,0.002,63.8,0.342,0.014,0.163,1.46,,7.13,12.91,0.46,1.28,0.04,1.72,0.161,0.15,0.09,0.17,Hipógeno,5,Skarn,54.395,15.022,3,Skarn,1049580,
229,230,PO-10-017,0.0,15.0,209779.35,8415474.5,9798.42499999997,15.0,0.137,0.001,2.0,0.44,0.03,0.045,8.62,27.1,5.49,2.06,2.84,0.9,1.52,0.14,0.063,0.003,0.46,0.48,Mixto,2,Diorite,77.091,14.683,9,Diorite,1049582,
230,231,PO-10-027,0.0,15.0,209805.22,8415566.4,9826.24699999997,15.0,0.102,0.006,2.1,0.119,0.1,0.118,7.25,33.6,6.75,3.59,2.24,1.21,1.46,0.05,0.072,0.003,0.71,0.74,Supergeno,2,Diorite,168.036,15.586,9,Diorite,1049583,
231,232,PO-11-055,80.2,95.2,209831.09,8415658.3,9854.06899999997,15.0,0.194,0.002,8.1,1.528,0.049,0.185,1.13,215.2,23.52,4.99,0.47,1.96,0.005,1.2,0.02,0.012,0.1,0.16,Hipógeno,1,Limestone,50.456,11.69,2,Limestone,1049584,
232,233,PO-11-049,0.0,12.2,209856.96,8415750.2,9881.89099999997,12.2,0.186,0.001,3.1,0.646,0.036,0.069,6.81,37.8,1.45,16.16,2.42,1.31,1.97,0.06,0.135,0.005,0.73,0.75,Supergeno,6,MP2,31.582,15.903,5,MP2,1049585,
233,234,PO-11-054,2.0,17.0,209882.83,8415842.1,9909.71299999997,15.0,0.097,0.001,1.4,0.186,0.005,0.03,6.07,44.6,6.09,20.0,1.95,1.19,0.87,0.23,0.033,0.01,0.34,0.44,Mixto,5,Skarn,93.874,17.675,3,Skarn,1049586,
234,235,PO-11-057,5.0,20.0,209908.7,8415934.0,9937.53499999997,15.0,0.101,0.007,0.25,0.04,0.0005,0.005,5.79,24.7,6.93,3.88,0.42,1.73,3.28,0.12,0.016,0.007,0.16,0.23,Hipógeno,2,Diorite,156.515,22.937,9,Diorite,1049587,
235,236,PO-11-057,35.0,46.7,209934.57,8416025.9,9965.35699999997,11.7,0.1,0.001,0.25,0.063,0.0005,0.007,7.63,21.5,7.91,3.45,0.8,1.86,2.79,0.14,0.014,0.0005,0.14,0.15,Hipógeno,2,Diorite,163.421,23.197,9,Diorite,1049589,
236,237,PO-10-019,124.0,139.0,209960.44,8416117.8,9993.17899999997,15.0,1.077,0.02,4.0,0.399,0.037,0.119,1.9,29.6,3.61,40.0,1.17,0.79,0.1,1.03,0.074,0.157,0.07,0.21,Hipógeno,5,Skarn,38.2,10.91,3,Skarn,1049590,
237,238,PO-11-072,195.0,210.0,209986.31,8416209.7,10021.001,15.0,2.646,0.001,19.9,0.5,0.0005,0.036,1.07,25.4,3.21,40.0,0.25,2.87,0.02,1.26,0.209,1.865,0.08,0.78,Supergeno,5,Skarn,32.855,9.843,3,Skarn,1049591,
238,239,PO-12-115,112.0,123.4,210012.18,8416301.6,10048.823,11.4,0.126,0.001,1.5,0.044,0.0005,0.046,0.53,55.9,43.86,1.69,0.19,1.9,0.005,0.39,0.004,0.008,0.03,0.1,Hipógeno,1,Limestone,59.249,11.857,2,Limestone,1049592,
239,240,PO-12-115,123.4,138.4,210038.05,8416393.5,10076.645,15.0,0.037,0.001,5.0,0.066,0.028,0.071,0.72,30.7,38.2,1.35,0.23,2.76,0.02,0.63,0.001,0.0005,0.03,0.04,Hipógeno,1,Limestone,47.613,11.704,2,Limestone,1049593,
240,241,PO-11-080,108.1,123.1,210063.92,8416485.4,10104.467,15.0,0.277,0.018,3.1,0.096,0.04,0.04,9.07,27.5,4.04,2.7,2.72,0.98,2.23,0.51,0.003,0.006,0.01,0.03,Hipógeno,2,Diorite,97.759,19.764,9,Diorite,1049594,
241,242,PO-11-080,141.5,153.1,210089.79,8416577.3,10132.289,11.6,0.071,0.012,0.9,0.044,0.062,0.087,6.8,38.5,4.77,3.87,2.16,1.28,2.13,0.39,0.0005,0.002,0.01,0.04,Hipógeno,2,Diorite,126.453,22.008,9,Diorite,1049596,
242,243,PO-12-132,5.0,15.0,210115.66,8416669.2,10160.111,10.0,0.097,0.001,0.9,0.081,0.019,0.025,8.06,46.4,4.73,9.07,1.07,2.22,3.36,0.15,0.015,0.027,0.15,0.43,Mixto,2,Diorite,101.47,22.421,9,Diorite,1049597,
243,244,PO-12-134,0.0,13.6,210141.53,8416761.1,10187.933,13.6,0.145,0.012,0.6,0.08,0.0005,0.007,8.81,29.0,5.86,2.57,1.18,1.78,3.46,0.15,0.031,0.013,0.21,0.3,Mixto,2,Diorite,139.635,20.71,9,Diorite,1049598,
244,245,PO-10-016,30.0,45.0,210167.4,8416853.0,10215.755,15.0,0.173,0.007,1.0,0.031,0.004,0.127,5.8,83.7,12.16,7.79,1.11,2.08,0.69,0.38,0.006,0.012,0.03,0.1,Hipógeno,4,Endoskarn,98.842,15.05,3,Skarn,1049599,
245,246,PO-11-054,122.0,137.0,210193.27,8416944.9,10243.577,15.0,0.215,0.033,2.2,0.124,0.008,0.01,7.82,44.5,6.79,5.54,1.8,1.39,2.12,0.21,0.016,0.109,0.07,0.58,Mixto,2,Diorite,139.498,19.99,9,Diorite,1049600,
246,247,PO-11-058,90.0,100.7,210219.14,8417036.8,10271.399,10.7,0.139,0.008,0.5,0.086,0.002,0.021,7.33,46.0,5.81,5.12,2.25,1.05,1.8,0.19,0.006,0.008,0.04,0.1,Hipógeno,2,Diorite,116.544,17.434,9,Diorite,1049601,
247,248,PO-11-057,135.0,145.0,210245.01,8417128.7,10299.221,10.0,0.175,0.01,2.1,0.091,0.014,0.023,6.73,53.3,5.84,4.41,1.89,0.99,2.88,0.22,0.016,0.046,0.09,0.35,Mixto,2,Diorite,150.649,22.76,9,Diorite,1049603,
248,249,PO-11-074,0.0,15.0,210270.88,8417220.6,10327.043,15.0,0.237,0.001,3.4,0.124,0.005,0.028,5.11,62.7,12.95,7.64,0.74,1.77,1.52,0.08,0.183,0.008,0.77,0.81,Supergeno,2,Diorite,64.435,13.501,9,Diorite,1049604,
249,250,PO-09-009,94.0,105.0,210296.75,8417312.5,10354.865,11.0,0.031,0.015,0.5,0.022,0.008,0.028,6.51,33.6,6.9,1.87,1.78,1.56,2.61,0.15,0.0005,0.001,0.02,0.05,Hipógeno,4,Endoskarn,168.97,27.437,3,Skarn,1049605,
